Linea,Horas_trabajo,Unidades_producidas,Porc_capacidad_utilizada,Unidades_vendidas,Ingresos_millones,N_pedidos,Porcentaje_defectos,Porcentaje_devoluciones,Satisfaccion_cliente,Horas_capacitacion,Porcentaje_ausentismo,Porcentaje_rotacion
Linea_01,403,1232,75.6,1010,612.8,479,6.86,8.13,66.4,26.1,6.75,15.27
Linea_02,352,1125,67.2,860,465,416,4.33,4.75,83.5,38.3,5.88,10.16
Linea_03,405,1268,77.4,1187,732.2,544,5.7,6.46,76.5,16.7,7.99,13.73
Linea_04,491,1491,84.7,1375,909.8,658,6.18,6.6,74.3,22.6,6.99,10.24
Linea_05,422,1419,77.3,1413,958.7,669,5.7,6.04,77.4,25.1,6.28,10.53
Linea_06,500,1501,85.4,1372,879.8,607,3.71,4,86.9,46.4,5.37,9.41
Linea_07,360,1148,69.5,1161,803,554,5.41,6,77.4,31.4,6.41,16.36
Linea_08,461,1565,86.6,1447,1055.7,688,4.44,4.98,84.5,39.7,5.37,10.88
Linea_09,432,1498,81.4,1174,705.5,529,6.58,6.69,72.3,23.1,5.19,9.55
Linea_10,410,1253,76.5,1299,866.7,614,6.18,6.72,72.6,22.5,6.31,12.5
Linea_11,286,916,60.2,1073,689.8,543,5.27,5.39,81,30,6,9.99
Linea_12,473,1523,84.8,1386,905.6,631,6.99,7.61,71,30.4,5.1,10.02
Linea_13,423,1405,81.3,1107,672.1,495,4.65,4.6,82.6,37,6.18,11.41
Linea_14,389,1209,72.3,1347,864,640,6.51,6.76,73.7,27.4,7,10.82
Linea_15,456,1477,84.8,1302,867.2,590,5.49,5.76,79.5,34.6,4.07,10.57
Linea_16,398,1348,75.7,1430,924.9,660,5.45,5.62,79.2,31.9,6.1,10.22
Linea_17,377,1228,71.4,1199,785.7,550,5.88,6.75,78.1,33.4,7.55,11.44
Linea_18,366,1181,70.3,885,529.5,436,5.56,6.4,76.9,34.2,7.42,11.63
Linea_19,450,1424,83.1,1171,688.7,491,5.07,5.62,79.8,22.9,6.84,6.47
Linea_20,304,988,60.9,985,631.4,467,7.44,8.85,65.8,9.2,7.45,13.54
Linea_21,539,1661,93.5,1226,758.2,565,5.67,6.09,78.2,40.8,4.68,8.16
Linea_22,391,1238,71.8,1353,906.2,642,6.58,7.13,73.6,35.1,5.64,8.33
Linea_23,439,1404,81,1099,721.9,520,7.02,7.82,71,22.4,6.86,11.2
Linea_24,438,1349,80.7,979,639.7,442,4.15,4.47,84.3,23.1,5.88,9.71
Linea_25,466,1553,88.6,1302,884.2,580,5.56,5.91,78.8,34.4,7.03,8.57
Linea_26,368,1230,71.9,1095,683,523,6.19,6.51,74.6,34.2,7.64,12.45
Linea_27,364,1219,69.2,1148,758.5,572,6.42,7,73.8,38.7,6.54,8.64
Linea_28,454,1482,83.7,1200,746.4,548,4.87,5.71,82.9,37.2,4.39,9.02
Linea_29,499,1601,87.8,1368,930.3,613,4.51,4.39,84.5,34.4,4.94,8
Linea_30,415,1355,76.7,1265,881.9,619,6.03,5.95,75.3,24.8,6.53,10.46
Linea_31,383,1201,74.1,1122,779.4,541,4.71,5.76,81.7,31.1,5.94,10.61
Linea_32,410,1344,79.6,939,552,421,3.99,4.9,86.2,33,4.83,7.55
Linea_33,506,1575,87.5,1075,689.8,488,6.45,6.97,74,25.9,6.15,12.06
Linea_34,471,1561,82.7,1185,776,537,7.41,7.97,63.8,41.1,6.03,11.68
Linea_35,448,1490,82.6,1398,944.7,651,3.72,3.71,88.3,47.4,4.68,5.22
Linea_36,440,1379,77.6,1066,653.8,493,5.1,5.81,77.9,39,6.24,6.6
Linea_37,356,1116,67.4,894,520,422,7.34,7.87,66.1,20,6.52,11.84
Linea_38,419,1271,77.2,1129,702.1,512,3.81,3.45,88.3,40.5,5.66,8.63
Linea_39,409,1352,77.9,1135,715.1,535,6.08,6.86,73.7,33.6,6.61,10.61
Linea_40,419,1396,79.8,1493,1070.4,735,4.5,4.74,85.1,36.7,4.63,9.21
Linea_41,489,1565,83.8,1285,846.6,578,5.17,5.75,79,41,5.29,10.48
Linea_42,328,1055,66,1321,897.1,628,5.66,6.54,76.3,31.4,8.23,12.54
Linea_43,315,1064,64.4,981,556.9,479,5.2,6.23,78.3,33.1,5.32,8.57
Linea_44,478,1546,87.9,1192,720.6,541,3.21,3.57,90.3,42.2,2.82,6.41
Linea_45,381,1203,75.6,1189,753.2,571,3.55,3.44,91.6,36.9,3.66,6.93
Linea_46,491,1535,83.4,1300,840.5,595,6.93,7.13,71.5,20.4,6.16,11.23
Linea_47,315,1038,60.6,1662,1247.5,841,4.91,5.53,80.7,28.5,6.87,12.42
Linea_48,496,1486,85.5,895,498.3,387,6.58,7.13,71.1,27.1,5.98,10.4
Linea_49,469,1495,83.3,1132,777.3,542,4.68,5.01,83.1,27.3,6.66,4.81
Linea_50,430,1400,81.5,1382,954.5,687,5.58,5.54,81,42.7,3.32,6.71
Linea_51,419,1363,80.8,1021,665.4,479,3.11,3.93,90.5,47.2,5.56,7.29
Linea_52,440,1430,81.1,1147,758.6,552,8.27,9.13,63.5,34.5,8.51,11.03
Linea_53,420,1394,77.1,1381,964,653,4.67,4.92,84.5,35.5,4.61,8.54
Linea_54,513,1493,89.6,1122,670.4,497,4.33,4.75,83,44.2,4.91,9.57
Linea_55,255,898,58.3,975,637.6,468,7.23,8.48,66.5,22,6.84,11.77
Linea_56,479,1551,86.4,1424,952.5,665,5.49,6.07,77.1,34.6,4.94,11.9
Linea_57,412,1393,80.1,1257,831.3,563,4.39,4.57,82.5,27.4,5.32,8.25
Linea_58,389,1252,75.1,1173,712.1,547,4.03,4.12,88.5,36.5,7.05,7.68
Linea_59,493,1540,86.4,1281,819,556,7.77,8.85,65.4,29.5,8.32,12.37
Linea_60,401,1321,75.6,1227,835,549,5.69,6.52,74.2,21.8,6.01,7.83
